name,phone,email
Sandra Morgan,7-(179)561-1335,smorgan0@gnu.org
Mildred Davis,33-(221)722-8879,mdavis1@arstechnica.com
Sharon Gutierrez,66-(185)619-0409,sgutierrez2@wp.com
Phyllis Gutierrez,48-(173)278-0201,pgutierrez3@walmart.com
Karen Griffin,86-(387)612-5746,kgriffin4@wikipedia.org
Tammy Cruz,7-(502)701-6530,tcruz5@infoseek.co.jp
Thomas Kelly,48-(330)197-4542,tkelly6@cornell.edu
Earl Daniels,375-(667)167-8688,edaniels7@imgur.com
Jason Medina,86-(739)838-0927,jmedina8@dyndns.org
Patrick Banks,62-(393)512-1645,pbanks9@mysql.com
Lori Garrett,86-(441)741-6722,lgarretta@cam.ac.uk
Karen Gordon,,kgordonb@go.com
Joyce Garcia,62-(222)252-0439,jgarciac@about.me
Andrea Pierce,30-(863)791-4980,apierced@furl.net
Karen Jenkins,51-(930)328-0723,kjenkinse@npr.org
Phyllis Lee,351-(929)711-4440,pleef@clickbank.net
Nicole Rogers,30-(287)943-6096,nrogersg@cdbaby.com
Jose Campbell,61-(257)123-7880,jcampbellh@jiathis.com
Frank Bowman,55-(763)913-8718,fbowmani@nbcnews.com
Tammy Scott,86-(707)191-4549,tscottj@w3.org
Jean Mitchell,86-(421)610-9584,jmitchellk@slideshare.net
Christina Hawkins,86-(665)758-9562,chawkinsl@wired.com
Laura Chavez,62-(224)221-2009,lchavezm@a8.net
Judy Larson,358-(858)688-4147,jlarsonn@phoca.cz
Matthew Griffin,48-(606)780-5112,mgriffino@sfgate.com
Clarence Henderson,86-(960)374-8595,chendersonp@independent.co.uk
Louis Baker,351-(991)374-8724,lbakerq@soup.io
Ruby Flores,7-(694)425-6899,rfloresr@washington.edu
Dennis Morales,1-(502)337-3614,dmoraless@mapy.cz
Jonathan Wallace,62-(877)885-8318,
Diane Sanchez,255-(141)969-5834,dsanchezu@google.com.au
Paula Duncan,7-(867)484-5923,pduncanv@bluehost.com
Todd Austin,46-(346)912-7848,taustinw@people.com.cn
Jane Harris,63-(218)302-7700,jharrisx@squarespace.com
Donald Nguyen,62-(151)191-1456,dnguyeny@nih.gov
Tammy Mendoza,47-(933)692-7916,tmendozaz@mashable.com
Patrick Lawrence,48-(337)612-2641,plawrence10@java.com
Justin Hayes,351-(611)325-9144,jhayes11@hao123.com
Sarah Bryant,54-(500)199-5401,sbryant12@unc.edu
Adam Porter,63-(770)501-8303,aporter13@miibeian.gov.cn
Douglas Alvarez,7-(332)636-7148,dalvarez14@comcast.net
Beverly Crawford,967-(912)391-9176,bcrawford15@printfriendly.com
Samuel Hudson,86-(195)659-0345,shudson16@storify.com
Carlos Mills,47-(976)289-9715,cmills17@istockphoto.com
Louis Morrison,46-(500)767-7873,lmorrison18@utexas.edu
Marie Ellis,49-(741)119-5651,mellis19@unesco.org
Brian Pierce,86-(421)570-8709,bpierce1a@godaddy.com
Irene Gray,52-(382)220-8836,igray1b@weebly.com
Jeremy Ortiz,62-(311)308-8088,jortiz1c@theatlantic.com
Dorothy Baker,54-(573)599-8108,dbaker1d@walmart.com
Lois Ruiz,7-(551)800-0650,lruiz1e@ucoz.ru
Martin Owens,86-(263)687-3104,mowens1f@hud.gov
Elizabeth Bennett,60-(671)349-9621,ebennett1g@hubpages.com
Anne Price,63-(366)244-4190,aprice1h@parallels.com
Sandra Edwards,86-(352)798-2541,sedwards1i@ameblo.jp
Kathy Castillo,86-(127)499-2023,kcastillo1j@drupal.org
Cynthia Perry,420-(431)219-0568,cperry1k@slate.com
Kimberly Wallace,506-(571)241-0309,kwallace1l@cpanel.net
Ruby Arnold,1-(801)722-8943,rarnold1m@foxnews.com
Joseph Daniels,7-(920)890-4571,jdaniels1n@amazon.com
Raymond Brown,46-(969)345-8606,rbrown1o@upenn.edu
Diana Matthews,81-(521)637-2526,dmatthews1p@alibaba.com
Juan Bishop,58-(393)810-0060,jbishop1q@vkontakte.ru
Helen Castillo,,hcastillo1r@gizmodo.com
Lori Powell,509-(324)464-2986,lpowell1s@mayoclinic.com
Karen Lawson,359-(677)374-0850,klawson1t@cnbc.com
Lisa Hunt,976-(816)210-6421,lhunt1u@latimes.com
Susan Green,62-(619)598-6744,
Beverly Payne,63-(295)706-8967,bpayne1w@kickstarter.com
Russell Rogers,33-(814)550-3650,rrogers1x@qq.com
Gloria Fisher,351-(922)890-5444,gfisher1y@dedecms.com
Joshua Powell,33-(120)628-4625,jpowell1z@nationalgeographic.com
Jean Howard,504-(580)500-0532,jhoward20@cdbaby.com
Daniel Hamilton,1-(918)423-2181,dhamilton21@whitehouse.gov
Harold Palmer,52-(735)293-4575,hpalmer22@gravatar.com
Jimmy Green,385-(622)934-0572,jgreen23@wordpress.com
David Reynolds,62-(140)438-9724,dreynolds24@soup.io
Angela Jones,33-(265)599-8448,ajones25@tinyurl.com
Sean Hamilton,221-(141)137-8012,shamilton26@dell.com
Philip Reed,420-(118)545-5578,preed27@soup.io
Mark Lawrence,358-(328)792-8924,mlawrence28@4shared.com
Sara Robinson,62-(874)541-2003,srobinson29@cdc.gov
Cynthia Carpenter,33-(767)157-8525,ccarpenter2a@seesaa.net
Donald Gray,62-(256)815-3511,dgray2b@vistaprint.com
Doris Hayes,504-(281)969-3689,dhayes2c@upenn.edu
Rose Cox,591-(918)932-9977,rcox2d@answers.com
Marilyn Bennett,81-(433)981-0621,mbennett2e@weather.com
Betty Washington,55-(485)362-3105,bwashington2f@flavors.me
Arthur Sanders,86-(943)436-2709,asanders2g@mozilla.org
Helen Patterson,62-(513)834-7056,hpatterson2h@java.com
Samuel Young,46-(519)588-3226,syoung2i@europa.eu
Katherine Carr,55-(561)783-2127,kcarr2j@dion.ne.jp
Sara Hart,84-(882)709-8673,shart2k@irs.gov
Wanda Peters,1-(783)586-3513,wpeters2l@imdb.com
Joshua Alvarez,33-(440)457-9119,jalvarez2m@ifeng.com
Joshua Hudson,86-(189)106-9869,jhudson2n@dot.gov
William Chapman,33-(703)829-2843,wchapman2o@miitbeian.gov.cn
James Stephens,,jstephens2p@nifty.com
Jimmy Garcia,49-(328)261-3972,jgarcia2q@omniture.com
Andrea Washington,,awashington2r@netlog.com
Maria Gardner,380-(712)909-4443,mgardner2s@nps.gov
Andrea Wallace,86-(933)681-6239,awallace2t@icio.us
Stephen Wilson,30-(427)107-2935,swilson2u@bizjournals.com
Amanda Hart,63-(675)505-9517,ahart2v@prweb.com
Frances Fisher,46-(181)962-8441,ffisher2w@opensource.org
Phyllis Ruiz,54-(846)473-3666,pruiz2x@yandex.ru
Jennifer Fields,33-(776)846-5881,jfields2y@comsenz.com
Stephanie Morris,86-(427)772-1794,smorris2z@people.com.cn
Jonathan Simmons,86-(805)140-2212,
Jerry Watson,232-(511)122-2164,jwatson31@toplist.cz
Joyce Lynch,86-(801)196-0607,jlynch32@altervista.org
Bonnie Hernandez,30-(412)653-8322,bhernandez33@diigo.com
Martin Turner,,mturner34@adobe.com
Catherine Diaz,55-(547)132-0144,cdiaz35@addthis.com
Lillian Spencer,1-(608)753-6399,lspencer36@list-manage.com
Billy Gilbert,63-(184)400-0245,bgilbert37@jimdo.com
Edward Webb,231-(211)986-2344,ewebb38@unblog.fr
Clarence Arnold,48-(984)171-8143,carnold39@fc2.com
James Kennedy,260-(865)763-0794,jkennedy3a@pagesperso-orange.fr
Denise Hernandez,62-(307)108-3972,dhernandez3b@mashable.com
Victor Lawrence,63-(916)544-0377,vlawrence3c@delicious.com
Jason Fernandez,352-(747)140-0533,jfernandez3d@deliciousdays.com
Stephanie Burton,7-(536)501-8945,sburton3e@tumblr.com
Kathleen Williamson,994-(833)661-2837,kwilliamson3f@theglobeandmail.com
Cheryl Franklin,62-(434)349-5346,cfranklin3g@eventbrite.com
Ryan Anderson,62-(725)988-6226,randerson3h@tuttocitta.it
Scott Fowler,86-(764)884-2666,sfowler3i@jimdo.com
Jesse Peters,380-(728)796-7115,jpeters3j@reverbnation.com
Carl Bishop,351-(520)932-9800,
Jane Fowler,234-(535)991-0368,jfowler3l@tinyurl.com
Maria Johnson,504-(474)608-6566,mjohnson3m@miibeian.gov.cn
Harry Ferguson,34-(489)115-8367,hferguson3n@delicious.com
Patrick Lopez,86-(656)428-6952,plopez3o@jalbum.net
Joe Walker,63-(731)198-3460,jwalker3p@chronoengine.com
Janice Hunt,86-(653)137-8973,jhunt3q@hostgator.com
Christine Ray,63-(773)953-5995,cray3r@ucsd.edu
Margaret Hernandez,375-(945)467-8158,mhernandez3s@mit.edu
Nicholas Cox,358-(252)829-4524,ncox3t@hexun.com
Mark Simpson,7-(268)635-9878,msimpson3u@istockphoto.com
Jeffrey Greene,81-(523)401-0327,jgreene3v@sciencedirect.com
Lawrence Peterson,7-(835)941-4390,lpeterson3w@cloudflare.com
Nicole Robertson,1-(526)769-6407,nrobertson3x@mail.ru
Ralph Hall,62-(882)741-0469,rhall3y@google.co.jp
Teresa Carroll,7-(614)629-4696,tcarroll3z@lycos.com
Scott Campbell,7-(195)970-6904,scampbell40@de.vu
Karen Turner,420-(946)349-5430,kturner41@admin.ch
Timothy Cruz,86-(853)614-7398,tcruz42@cnet.com
Howard Carr,226-(251)615-1792,hcarr43@ca.gov
Benjamin Harvey,355-(349)835-6616,bharvey44@wp.com
Anne Freeman,86-(806)558-7145,
Walter Sullivan,63-(374)344-0347,wsullivan46@smh.com.au
Kathleen Dean,62-(385)770-7773,kdean47@bloglines.com
Steven Wagner,62-(565)822-4266,swagner48@creativecommons.org
Lisa Nichols,598-(575)606-0874,lnichols49@msu.edu
Ruth Gomez,52-(853)952-1825,rgomez4a@xrea.com
Chris Rose,1-(604)135-7337,crose4b@state.tx.us
Donald Young,62-(482)760-2526,dyoung4c@ow.ly
Sharon Mendoza,62-(658)358-0532,smendoza4d@photobucket.com
George Gomez,48-(785)564-9692,ggomez4e@diigo.com
Doris Myers,86-(932)665-2769,dmyers4f@w3.org
Richard Owens,62-(820)924-2083,rowens4g@bloglovin.com
Martha Webb,225-(392)358-9986,mwebb4h@zdnet.com
Jerry Brooks,86-(625)704-3805,jbrooks4i@flickr.com
Mary Greene,381-(799)456-0149,mgreene4j@youku.com
Julia Arnold,82-(170)414-6055,jarnold4k@uol.com.br
Harold Fields,261-(233)487-1074,hfields4l@cdc.gov
Kathryn Long,27-(484)925-4167,
Gerald Hansen,55-(519)207-7687,ghansen4n@51.la
Evelyn Jones,62-(679)487-2025,ejones4o@reference.com
Beverly Gardner,,bgardner4p@craigslist.org
Bonnie Sims,7-(927)191-5971,bsims4q@flickr.com
Laura Robinson,86-(730)822-0713,lrobinson4r@virginia.edu
Jane Webb,385-(229)429-2227,jwebb4s@mtv.com
Rose Johnson,351-(749)142-3713,rjohnson4t@walmart.com
Anna Gonzales,351-(659)838-0872,agonzales4u@businesswire.com
Carl Wheeler,63-(849)924-0374,cwheeler4v@clickbank.net
Doris Rice,216-(956)816-1296,drice4w@typepad.com
Margaret Cruz,55-(241)618-6180,mcruz4x@statcounter.com
Louis Wells,86-(890)238-9817,lwells4y@ameblo.jp
Amy Henderson,46-(282)693-9900,ahenderson4z@hubpages.com
Alice Lawrence,58-(948)657-0516,alawrence50@wikipedia.org
Jack Martinez,62-(240)723-7507,
Billy Carpenter,48-(343)229-8001,bcarpenter52@harvard.edu
Matthew Stone,420-(595)638-9574,mstone53@ebay.co.uk
Samuel Mcdonald,48-(590)370-7629,smcdonald54@illinois.edu
Lois Peterson,52-(164)479-5118,lpeterson55@macromedia.com
Michelle Daniels,33-(683)544-7765,mdaniels56@gnu.org
Katherine Edwards,86-(293)620-1806,kedwards57@imdb.com
William Williams,54-(845)165-0363,wwilliams58@walmart.com
Victor George,62-(894)959-1281,vgeorge59@wired.com
Anna Peterson,86-(410)925-0590,apeterson5a@upenn.edu
Joyce Nichols,62-(692)533-5900,jnichols5b@chronoengine.com
Denise Patterson,351-(327)367-5008,dpatterson5c@facebook.com
Dennis Chavez,236-(919)215-9412,dchavez5d@amazon.co.uk
Marilyn Welch,62-(334)865-9852,mwelch5e@fotki.com
Catherine Williamson,55-(522)416-6444,cwilliamson5f@geocities.jp
Theresa Patterson,62-(514)725-5118,tpatterson5g@spotify.com
Christine Henderson,358-(750)983-4901,chenderson5h@google.com.br
Betty Dixon,420-(591)670-6412,bdixon5i@usnews.com
Antonio Lawson,216-(293)261-2346,alawson5j@booking.com
Christopher Olson,86-(361)585-1214,colson5k@sourceforge.net
Paula Gibson,86-(523)857-9799,pgibson5l@diigo.com
Steven Day,1-(305)862-7718,sday5m@fotki.com
Andrew Williams,,awilliams5n@walmart.com
Chris Kennedy,46-(579)244-6048,ckennedy5o@accuweather.com
Betty Duncan,,bduncan5p@wiley.com
Anna Hansen,86-(803)763-4997,
Patricia Parker,86-(503)745-7347,pparker5r@ehow.com
Margaret Grant,,mgrant5s@ox.ac.uk
Justin Peterson,98-(351)501-3228,jpeterson5t@blinklist.com
Harry Ford,1-(139)227-3428,hford5u@paypal.com
Harry Nichols,,hnichols5v@ucla.edu
Samuel Baker,62-(388)427-5426,sbaker5w@lulu.com
Edward Greene,86-(234)216-9099,egreene5x@google.de
Annie Jacobs,30-(317)721-9268,ajacobs5y@spotify.com
Beverly Harvey,31-(976)615-4258,bharvey5z@meetup.com
Kevin Duncan,1-(815)121-7190,kduncan60@bandcamp.com
George Day,383-(530)651-4159,gday61@drupal.org
Anna Reyes,86-(855)815-3842,areyes62@sciencedaily.com
Michael Palmer,351-(444)439-2526,mpalmer63@virginia.edu
Andrea Martin,55-(148)409-3712,amartin64@privacy.gov.au
Robin Stone,30-(716)392-9715,rstone65@yale.edu
Judy Greene,81-(316)422-7827,jgreene66@dyndns.org
Norma Peters,420-(108)697-9475,npeters67@jimdo.com
Anne Gordon,,agordon68@csmonitor.com
Catherine Nelson,86-(110)389-1533,cnelson69@webeden.co.uk
Martha Wood,7-(922)846-7579,mwood6a@google.com
Thomas Hunt,7-(120)118-3052,thunt6b@netscape.com
Roger Rice,86-(113)622-3754,rrice6c@scribd.com
Karen Arnold,86-(951)426-4643,karnold6d@npr.org
Laura Armstrong,66-(455)339-7239,larmstrong6e@tinypic.com
Sara Jones,358-(520)218-1502,sjones6f@artisteer.com
Virginia Riley,86-(592)349-0218,vriley6g@huffingtonpost.com
Adam Owens,86-(129)306-1227,aowens6h@cnn.com
Maria Carr,351-(774)220-4856,mcarr6i@de.vu
Timothy Brooks,230-(746)688-9985,tbrooks6j@wired.com
Charles Davis,351-(290)745-2900,cdavis6k@phpbb.com
Joan Duncan,62-(437)114-5677,jduncan6l@cocolog-nifty.com
Katherine Robinson,,krobinson6m@dot.gov
Evelyn Adams,7-(855)143-3551,eadams6n@wordpress.com
Carol Ryan,234-(380)646-7311,cryan6o@about.com
Denise Anderson,992-(726)996-2607,danderson6p@scientificamerican.com
Virginia Russell,31-(676)111-3747,vrussell6q@tinypic.com
Kathy Roberts,86-(985)526-1160,kroberts6r@redcross.org
Ryan Edwards,86-(242)712-1873,redwards6s@mediafire.com
Carol Fisher,63-(625)855-0837,cfisher6t@alexa.com
Louise Gibson,84-(661)376-2107,lgibson6u@bbb.org
Tammy Rodriguez,86-(884)433-3048,trodriguez6v@xinhuanet.com
Donna Medina,66-(739)129-4280,dmedina6w@fc2.com
Jacqueline Henderson,1-(971)973-1229,jhenderson6x@globo.com
James Crawford,62-(968)645-5196,jcrawford6y@cisco.com
Mary Cook,1-(407)118-2565,mcook6z@yahoo.co.jp
Rachel Watson,62-(574)524-0296,rwatson70@wsj.com
Roger Lee,297-(179)106-3686,rlee71@wikia.com
Joshua Alexander,221-(666)916-4023,jalexander72@sitemeter.com
Catherine Ferguson,86-(686)224-8042,cferguson73@list-manage.com
Jeremy Ross,62-(203)531-7134,jross74@com.com
Gary Black,54-(639)991-0579,gblack75@comsenz.com
William Long,93-(358)644-1557,wlong76@cam.ac.uk
George Henderson,62-(215)657-3687,ghenderson77@china.com.cn
Jessica Jones,86-(407)931-9402,jjones78@icio.us
Justin Morgan,46-(174)270-2766,jmorgan79@gov.uk
Deborah Reid,234-(834)396-6473,dreid7a@hp.com
John Mcdonald,54-(731)922-5983,jmcdonald7b@php.net
Steve Graham,420-(134)611-3465,sgraham7c@google.ru
Donald Evans,962-(162)183-5694,devans7d@nasa.gov
Martha Vasquez,55-(671)146-8845,mvasquez7e@prweb.com
Gregory Murray,98-(708)686-3984,gmurray7f@moonfruit.com
Marilyn Grant,82-(169)124-1636,mgrant7g@yahoo.com
Deborah Boyd,52-(152)342-1115,dboyd7h@bizjournals.com
Henry Banks,257-(846)968-9895,hbanks7i@dion.ne.jp
Carlos Hunt,,chunt7j@aol.com
Jennifer Hawkins,86-(309)589-2887,jhawkins7k@networkadvertising.org
Tammy Wagner,92-(621)678-6377,twagner7l@infoseek.co.jp
Barbara Flores,55-(143)825-0308,bflores7m@va.gov
Bruce Washington,63-(864)531-5751,bwashington7n@hubpages.com
Jimmy Ramos,52-(310)429-3608,jramos7o@gnu.org
James Harvey,33-(141)996-4409,jharvey7p@woothemes.com
Rachel Jordan,55-(538)616-5784,rjordan7q@paypal.com
Helen Lane,86-(570)204-4900,hlane7r@about.com
Jeffrey Hart,7-(550)333-0501,jhart7s@vinaora.com
Julia Myers,381-(246)888-3098,jmyers7t@google.de
Jessica Hill,63-(630)280-4723,jhill7u@microsoft.com
Todd Burton,387-(250)687-6122,tburton7v@examiner.com
Shirley Howard,47-(546)391-5957,showard7w@homestead.com
Carlos Porter,1-(349)561-5772,cporter7x@joomla.org
Donald Cole,370-(970)427-0887,dcole7y@archive.org
Andrew Andrews,86-(838)218-7660,aandrews7z@time.com
Gloria Wheeler,380-(268)201-0982,gwheeler80@comsenz.com
Robert Hamilton,86-(299)603-0586,rhamilton81@friendfeed.com
William Stevens,212-(701)805-3646,wstevens82@webmd.com
Rebecca Wheeler,261-(174)302-6079,rwheeler83@abc.net.au
Nancy Reynolds,1-(701)752-3131,nreynolds84@earthlink.net
Samuel Duncan,86-(259)457-7307,sduncan85@blogspot.com
Denise Tucker,86-(232)776-7185,dtucker86@xrea.com
Gary Gonzales,374-(304)831-0799,ggonzales87@addtoany.com
Todd Wood,972-(643)860-4436,twood88@ftc.gov
Judith Hudson,55-(993)493-4649,jhudson89@bloglovin.com
Anna Harrison,,aharrison8a@about.com
Jean Reid,420-(326)881-6857,jreid8b@china.com.cn
Robin Washington,55-(326)385-6464,rwashington8c@ihg.com
Beverly Edwards,48-(435)962-6999,bedwards8d@oaic.gov.au
Charles Diaz,351-(618)138-5157,cdiaz8e@phoca.cz
Mary Murphy,86-(365)760-4690,mmurphy8f@mtv.com
Alan Johnston,55-(572)823-4941,ajohnston8g@sciencedaily.com
Dorothy Wood,86-(846)978-5882,dwood8h@hp.com
Joshua Griffin,62-(562)128-4278,jgriffin8i@vistaprint.com
Paula Holmes,48-(730)526-5838,pholmes8j@fc2.com
Carl Griffin,86-(102)160-1873,cgriffin8k@gravatar.com
Tina Morgan,385-(315)689-1566,tmorgan8l@wsj.com
Jason Stewart,33-(852)127-1159,jstewart8m@gizmodo.com
Louise Ryan,351-(144)222-9694,lryan8n@nydailynews.com
Richard Snyder,95-(129)794-1844,rsnyder8o@senate.gov
Heather Smith,30-(185)322-0667,hsmith8p@marriott.com
Sarah Thomas,7-(220)617-4655,sthomas8q@ycombinator.com
Beverly Richards,48-(489)918-0718,brichards8r@nature.com
Christina Gardner,55-(479)941-8037,cgardner8s@edublogs.org
Janice Garrett,7-(117)412-2890,jgarrett8t@myspace.com
Brian Anderson,1-(833)661-2174,banderson8u@vimeo.com
Michael Hansen,30-(807)473-4635,mhansen8v@vinaora.com
Nicole Romero,52-(144)957-1157,nromero8w@ameblo.jp
Earl Warren,54-(927)956-8458,ewarren8x@boston.com
Kathleen Mason,62-(880)461-5179,kmason8y@jigsy.com
Kelly Scott,86-(841)202-0883,kscott8z@statcounter.com
Earl Morgan,86-(817)460-0317,emorgan90@hubpages.com
Sara Ray,62-(351)106-7719,sray91@youtu.be
Jose Coleman,86-(386)599-6058,jcoleman92@imgur.com
Bobby Richardson,55-(365)573-9270,brichardson93@mapy.cz
Tina Carroll,66-(339)680-2907,tcarroll94@huffingtonpost.com
Richard Cruz,370-(353)104-0379,rcruz95@skyrock.com
Louise Webb,30-(189)928-1916,lwebb96@smugmug.com
Kevin Grant,81-(579)393-8013,kgrant97@dell.com
Kathryn Little,46-(450)739-3668,klittle98@cloudflare.com
Doris Griffin,1-(624)413-1247,dgriffin99@wufoo.com
Larry Weaver,502-(977)141-5188,lweaver9a@cyberchimps.com
Harry Jackson,60-(196)230-0351,hjackson9b@miitbeian.gov.cn
Jesse Watkins,7-(208)927-3208,jwatkins9c@histats.com
Eugene Perkins,86-(797)860-8246,eperkins9d@craigslist.org
Shirley Meyer,86-(717)589-9482,smeyer9e@hp.com
Gloria Weaver,371-(916)126-5317,gweaver9f@usnews.com
Carol Sanchez,242-(298)805-4284,csanchez9g@virginia.edu
Robert Boyd,27-(576)261-0139,rboyd9h@domainmarket.com
John Hernandez,51-(164)454-4957,jhernandez9i@upenn.edu
Rachel Holmes,420-(970)778-9670,
Bruce Hernandez,55-(191)357-6566,bhernandez9k@slideshare.net
Aaron Ferguson,86-(472)572-5137,aferguson9l@jalbum.net
Karen Robinson,353-(880)813-5852,krobinson9m@blogspot.com
Melissa Duncan,86-(178)760-2910,mduncan9n@xrea.com
Marie Day,63-(560)188-5847,mday9o@walmart.com
Diane Robertson,7-(766)168-6241,drobertson9p@wunderground.com
Jimmy Morrison,351-(653)149-1466,jmorrison9q@alexa.com
Melissa Freeman,86-(803)957-6242,mfreeman9r@globo.com
Ronald Boyd,46-(253)163-4464,rboyd9s@a8.net
Phillip Murray,254-(340)279-2285,pmurray9t@va.gov
Maria Riley,,mriley9u@who.int
Kenneth Martinez,54-(144)351-8931,kmartinez9v@imgur.com
Carol Thomas,995-(636)495-5190,cthomas9w@economist.com
Terry Burton,55-(951)894-0337,tburton9x@dyndns.org
Nancy Morrison,93-(780)753-1377,nmorrison9y@admin.ch
Marilyn Richardson,56-(267)424-3120,mrichardson9z@dmoz.org
Sean Morgan,502-(249)949-0558,smorgana0@auda.org.au
Gerald Hudson,48-(661)616-1395,ghudsona1@usgs.gov
Edward Garza,49-(471)441-1836,egarzaa2@omniture.com
Jose Duncan,267-(303)799-3626,jduncana3@nba.com
Denise Greene,264-(263)722-1330,dgreenea4@ezinearticles.com
Louise Oliver,,lolivera5@shutterfly.com
Brandon Franklin,86-(244)714-0895,bfranklina6@eventbrite.com
Jason Nichols,7-(605)912-0768,jnicholsa7@wired.com
Matthew Rogers,1-(401)231-4265,mrogersa8@cdc.gov
Justin Gray,33-(369)491-0651,jgraya9@engadget.com
Marilyn Williams,,mwilliamsaa@spiegel.de
Jason Garcia,86-(743)501-6126,jgarciaab@yale.edu
Tammy Garza,375-(766)884-4318,tgarzaac@mysql.com
Albert Edwards,51-(325)297-1807,aedwardsad@google.com.au
Carolyn Walker,960-(551)430-9456,cwalkerae@cbc.ca
Eugene Kennedy,57-(238)854-1698,ekennedyaf@addthis.com
Diane Washington,,dwashingtonag@aol.com
Raymond Perkins,52-(583)242-2066,rperkinsah@state.tx.us
Martha Ford,351-(841)502-2909,
Shirley Price,237-(962)321-6870,spriceaj@tinypic.com
Kathryn Graham,598-(579)402-0262,kgrahamak@edublogs.org
Keith Bryant,57-(414)358-9298,kbryantal@yahoo.co.jp
Joe Bennett,,jbennettam@cocolog-nifty.com
Andrea Wells,51-(438)742-4591,awellsan@istockphoto.com
Jonathan Burton,46-(171)777-8177,jburtonao@privacy.gov.au
Louis Hawkins,86-(738)667-6652,lhawkinsap@barnesandnoble.com
Louise Fuller,63-(925)998-9640,lfulleraq@miibeian.gov.cn
Peter Jordan,380-(571)133-0196,pjordanar@twitpic.com
Todd Carroll,7-(988)959-6908,tcarrollas@google.es
Alice Lawson,62-(178)458-1757,alawsonat@parallels.com
Lisa Dunn,86-(489)631-5859,ldunnau@csmonitor.com
Alice Gardner,385-(725)462-9397,
Kenneth Gray,84-(264)547-0145,kgrayaw@disqus.com
Edward Castillo,86-(872)659-4814,ecastilloax@statcounter.com
Steven Spencer,505-(554)419-7067,sspenceray@bloomberg.com
Rebecca Ford,,rfordaz@imageshack.us
Gloria Arnold,52-(784)732-0497,garnoldb0@meetup.com
David Fields,62-(425)562-8985,dfieldsb1@cdbaby.com
David Romero,53-(952)759-8254,dromerob2@skyrock.com
Melissa Cunningham,358-(649)225-2373,mcunninghamb3@tmall.com
Mildred Dunn,86-(964)403-5587,mdunnb4@soundcloud.com
Frank Chapman,86-(931)985-9241,fchapmanb5@sourceforge.net
Mary Garcia,62-(583)504-0270,mgarciab6@cpanel.net
Cynthia Wright,48-(698)197-5842,cwrightb7@spiegel.de
Frances Hall,351-(952)795-0026,fhallb8@tuttocitta.it
Thomas Castillo,53-(418)460-1263,tcastillob9@oakley.com
Doris Harvey,86-(302)794-5757,dharveyba@pcworld.com
Nicholas Romero,82-(953)135-6570,nromerobb@wisc.edu
Terry Hart,86-(751)436-5695,thartbc@dyndns.org
Edward Matthews,506-(719)439-0359,ematthewsbd@economist.com
Kathleen Gibson,33-(173)124-6949,kgibsonbe@google.de
Carl Wood,86-(776)926-4630,cwoodbf@shop-pro.jp
Michael Stewart,82-(547)490-0699,mstewartbg@cbslocal.com
Fred Gardner,55-(579)851-6525,fgardnerbh@china.com.cn
Helen Henry,63-(705)287-5286,hhenrybi@cloudflare.com
Ashley Lopez,970-(913)985-3667,alopezbj@discuz.net
Cynthia Jenkins,48-(337)835-5752,cjenkinsbk@mlb.com
Paul Daniels,55-(189)713-1778,pdanielsbl@mayoclinic.com
Debra Brown,972-(915)765-2408,dbrownbm@microsoft.com
Frances Vasquez,353-(996)922-5772,fvasquezbn@mail.ru
Jonathan Snyder,351-(959)500-6504,jsnyderbo@whitehouse.gov
Justin Murphy,593-(980)243-7908,jmurphybp@homestead.com
Juan Evans,62-(665)878-9331,jevansbq@i2i.jp
Rebecca Duncan,86-(720)747-4900,
Kenneth Nichols,,knicholsbs@edublogs.org
Kenneth Moreno,55-(403)526-1684,kmorenobt@youtube.com
Sarah Rivera,976-(594)432-4403,sriverabu@ycombinator.com
Howard Robertson,51-(529)546-7369,hrobertsonbv@sina.com.cn
Scott Austin,48-(855)299-0846,saustinbw@tinyurl.com
Bruce Lewis,385-(449)848-9784,blewisbx@flickr.com
Sandra Hamilton,86-(747)809-9056,shamiltonby@google.es
Diana Ramirez,976-(446)231-7510,dramirezbz@huffingtonpost.com
Stephanie Mills,27-(763)913-5849,smillsc0@geocities.jp
Jane Kelley,380-(688)780-1972,jkelleyc1@kickstarter.com
Cheryl Burton,689-(731)320-0806,cburtonc2@comcast.net
Kelly Riley,86-(670)934-9315,krileyc3@chronoengine.com
Frances Dunn,7-(166)609-7082,fdunnc4@nsw.gov.au
Harry Holmes,33-(578)920-8591,hholmesc5@hubpages.com
Eugene Mcdonald,86-(521)507-6142,emcdonaldc6@flickr.com
Roger Hansen,1-(914)536-9660,rhansenc7@nbcnews.com
Sandra Bryant,86-(947)902-4216,sbryantc8@hostgator.com
Daniel Lynch,55-(500)356-3860,dlynchc9@accuweather.com
Julia Fuller,7-(703)997-8110,jfullerca@arstechnica.com
George Pierce,7-(706)362-8486,gpiercecb@networksolutions.com
Charles Vasquez,86-(536)642-2805,cvasquezcc@state.tx.us
Albert Kelley,1-(288)726-3172,akelleycd@eventbrite.com
Carl Franklin,86-(399)538-8315,cfranklince@reddit.com
Carlos Scott,48-(347)576-5140,cscottcf@jimdo.com
Jeremy Martinez,263-(614)425-7729,jmartinezcg@uol.com.br
Debra Burke,994-(738)354-5178,dburkech@domainmarket.com
Aaron Hicks,33-(613)709-7990,ahicksci@answers.com
Sharon Foster,86-(972)369-9079,sfostercj@sciencedirect.com
Jose Diaz,86-(391)288-3079,jdiazck@elegantthemes.com
Donna Wagner,63-(175)632-9535,dwagnercl@skype.com
Louis Bradley,7-(250)826-6616,lbradleycm@webs.com
Kimberly Long,92-(875)485-6797,klongcn@usda.gov
Kathy Holmes,55-(283)894-1584,kholmesco@artisteer.com
Margaret Torres,975-(384)454-8734,mtorrescp@ifeng.com
Linda Lane,55-(909)388-3063,llanecq@cbsnews.com
Betty Ruiz,55-(448)136-1371,bruizcr@tamu.edu
Sean Black,57-(199)663-8770,sblackcs@nationalgeographic.com
Jean Mccoy,56-(904)816-5131,jmccoyct@homestead.com
Sharon Williams,351-(842)640-7380,swilliamscu@elegantthemes.com
Barbara Moreno,62-(606)559-5971,bmorenocv@naver.com
Joseph Rice,7-(843)741-4946,jricecw@tinyurl.com
Kelly Barnes,62-(949)351-4197,kbarnescx@chronoengine.com
Rachel Lee,995-(482)378-2054,rleecy@github.com
Pamela Reyes,86-(853)361-1336,preyescz@comcast.net
Roy Gutierrez,86-(404)415-8723,rgutierrezd0@live.com
Harry Harris,62-(339)738-5419,hharrisd1@shop-pro.jp
Victor Watson,86-(334)676-9638,vwatsond2@un.org
Jack Taylor,86-(925)636-3860,jtaylord3@house.gov
Debra White,86-(596)797-1963,dwhited4@admin.ch
Brenda Taylor,66-(286)367-8301,btaylord5@skype.com
Lisa Lawson,7-(555)403-3016,llawsond6@fotki.com
Jennifer Carroll,63-(987)960-6461,jcarrolld7@examiner.com
Willie Spencer,995-(250)760-6425,wspencerd8@bravesites.com
Walter Ellis,47-(479)119-9669,wellisd9@hibu.com
Peter Reynolds,55-(932)391-8555,preynoldsda@booking.com
Roy Wood,84-(362)286-8098,rwooddb@gov.uk
Clarence Schmidt,86-(354)803-6761,cschmidtdc@blogtalkradio.com
Todd Day,,tdaydd@hud.gov
Melissa Sullivan,62-(194)222-0992,msullivande@gnu.org
James Nguyen,86-(629)423-2271,jnguyendf@de.vu
Stephen Grant,98-(236)999-9307,sgrantdg@wunderground.com
Ann Kelly,1-(139)360-0088,akellydh@fda.gov
Virginia Fox,351-(216)331-9884,vfoxdi@tamu.edu
Samuel Gutierrez,54-(998)607-3617,sgutierrezdj@bbb.org
Wayne Thompson,86-(716)649-4358,wthompsondk@usnews.com
Debra Andrews,7-(219)832-6496,dandrewsdl@java.com
Anna Mendoza,227-(186)596-0844,amendozadm@cbc.ca
Russell Berry,51-(379)358-9234,rberrydn@businessinsider.com
Teresa Scott,7-(445)981-4136,tscottdo@globo.com
Marie Williamson,385-(649)557-5866,mwilliamsondp@symantec.com
Louise Berry,504-(130)706-5802,lberrydq@nytimes.com
Sarah Hunt,86-(772)361-4962,shuntdr@seattletimes.com
Charles Cooper,,ccooperds@pcworld.com
Jennifer Cruz,420-(783)958-8256,jcruzdt@twitter.com
Elizabeth Dixon,216-(326)715-7676,edixondu@fotki.com
Jose Moreno,,jmorenodv@nature.com
Ashley Banks,,abanksdw@ustream.tv
Martin Baker,1-(710)384-2696,mbakerdx@craigslist.org
Martin Oliver,509-(658)978-1346,moliverdy@a8.net
Howard Williamson,62-(260)485-5739,hwilliamsondz@barnesandnoble.com
Samuel Day,51-(500)407-0675,sdaye0@mozilla.org
Janice Miller,692-(714)330-7392,jmillere1@xinhuanet.com
Elizabeth Dixon,,edixone2@wired.com
Earl Greene,,egreenee3@bloomberg.com
Brian Rogers,30-(919)518-5128,brogerse4@blinklist.com
Jesse Kennedy,52-(711)391-4163,jkennedye5@utexas.edu
Julia Anderson,351-(491)236-0192,jandersone6@amazon.de
Louis Gomez,63-(307)557-8043,lgomeze7@ask.com
Earl Foster,,efostere8@nationalgeographic.com
James Mason,975-(798)945-8519,jmasone9@ihg.com
Anne Grant,420-(314)800-2886,agrantea@dagondesign.com
Anna Warren,48-(681)188-3994,awarreneb@webnode.com
Jack Peterson,221-(744)556-4504,jpetersonec@acquirethisname.com
Jesse Romero,7-(647)372-4177,jromeroed@accuweather.com
Catherine Vasquez,386-(967)967-7601,cvasquezee@infoseek.co.jp
Amy Carpenter,353-(881)292-5836,acarpenteref@yellowpages.com
Sarah Mcdonald,52-(574)808-6043,smcdonaldeg@epa.gov
Jerry Smith,63-(602)425-5195,jsmitheh@state.gov
Jessica Harrison,1-(585)170-1174,jharrisonei@theatlantic.com
Theresa Johnston,62-(341)858-2470,tjohnstonej@toplist.cz
Phyllis Coleman,86-(190)417-8737,pcolemanek@mit.edu
Paul Vasquez,86-(645)726-1634,pvasquezel@squidoo.com
Amy Gonzalez,351-(694)579-4761,agonzalezem@miibeian.gov.cn
George Meyer,216-(354)803-1348,gmeyeren@examiner.com
Laura Mcdonald,1-(602)403-5239,lmcdonaldeo@msu.edu
Anne Baker,509-(171)806-8812,abakerep@loc.gov
Lori Ryan,230-(403)841-4696,lryaneq@a8.net
Dorothy Mills,46-(818)413-0066,dmillser@t.co
Earl Simmons,231-(160)633-2476,esimmonses@ca.gov
Tammy Hicks,86-(479)632-4384,thickset@geocities.jp
Catherine Moreno,,cmorenoeu@mozilla.com
George Woods,357-(546)757-5950,gwoodsev@webmd.com
Harry Lynch,86-(854)301-6350,hlynchew@wikia.com
Nicole Greene,234-(663)113-3002,ngreeneex@google.it
Marie Riley,,mrileyey@cam.ac.uk
Martin Stewart,,mstewartez@diigo.com
Russell Cooper,55-(415)823-9277,rcooperf0@hatena.ne.jp
Matthew Carpenter,33-(420)373-9999,mcarpenterf1@feedburner.com
Joe Lane,86-(576)672-6662,jlanef2@who.int
Wayne Fisher,385-(507)741-1312,wfisherf3@java.com
Judith West,81-(328)515-1831,jwestf4@smh.com.au
Gary Sullivan,86-(135)597-4432,gsullivanf5@delicious.com
Phyllis Stevens,,pstevensf6@engadget.com
George Gibson,86-(861)541-3854,ggibsonf7@ox.ac.uk
Tina Hart,63-(322)168-3289,thartf8@imgur.com
Cynthia Sims,251-(142)179-8144,csimsf9@amazon.de
Jeremy Alvarez,,jalvarezfa@techcrunch.com
Joshua Harper,386-(417)208-8191,jharperfb@twitter.com
Christine Freeman,86-(268)423-3305,cfreemanfc@slideshare.net
David Fisher,93-(364)937-8870,dfisherfd@marketwatch.com
Jane Williams,86-(828)549-1537,jwilliamsfe@myspace.com
Dorothy Robinson,225-(370)552-2014,drobinsonff@issuu.com
Rachel Garcia,57-(389)633-4060,rgarciafg@nasa.gov
Carl Mason,33-(636)840-3138,cmasonfh@networksolutions.com
Stephen Ellis,62-(338)644-0654,sellisfi@seattletimes.com
Margaret Wood,86-(274)733-4469,mwoodfj@wix.com
Laura Peterson,57-(316)552-6546,lpetersonfk@hostgator.com
Jennifer Chapman,86-(913)534-6169,jchapmanfl@discuz.net
Albert Adams,47-(625)799-5488,
Emily Shaw,351-(734)303-8148,eshawfn@mtv.com
Sandra Dean,51-(619)640-6728,sdeanfo@twitpic.com
Kenneth Mccoy,86-(853)900-9583,kmccoyfp@nps.gov
Patrick Robinson,7-(988)142-5141,probinsonfq@seesaa.net
Roger Hansen,62-(142)363-7573,rhansenfr@de.vu
Theresa Hunter,48-(917)963-3023,thunterfs@msn.com
Terry Harvey,244-(592)561-7401,tharveyft@ocn.ne.jp
Betty Russell,86-(859)520-5167,brussellfu@imdb.com
Karen Flores,81-(733)163-8392,kfloresfv@dailymotion.com
Martha Rice,593-(576)517-0308,mricefw@msn.com
Barbara Sanchez,1-(410)999-6394,bsanchezfx@pcworld.com
Norma Wheeler,33-(213)459-9408,nwheelerfy@cornell.edu
Steve Ward,389-(284)344-7576,swardfz@usa.gov
Stephanie Walker,385-(724)207-3443,swalkerg0@fema.gov
Russell Fuller,594-(489)878-7393,rfullerg1@ucsd.edu
Ruby Payne,62-(352)796-6491,rpayneg2@usda.gov
Aaron Owens,54-(332)408-9640,aowensg3@si.edu
Jerry Taylor,86-(709)858-0700,jtaylorg4@jalbum.net
Amanda Gonzalez,47-(663)277-9996,agonzalezg5@last.fm
Diana Garrett,62-(522)140-8929,dgarrettg6@shutterfly.com
Robert Lawrence,595-(533)792-0807,rlawrenceg7@washington.edu
Heather Andrews,62-(473)644-6708,handrewsg8@naver.com
Alice Richards,55-(165)549-5918,arichardsg9@elegantthemes.com
Russell Cox,86-(262)765-4710,
Anne Edwards,86-(473)794-3699,aedwardsgb@time.com
Martha Anderson,86-(371)337-0943,mandersongc@myspace.com
Terry Reed,54-(614)507-3766,treedgd@rambler.ru
Nicholas Thomas,86-(161)820-1105,nthomasge@bing.com
Samuel Reid,7-(542)512-1497,sreidgf@furl.net
Harry Peters,54-(715)381-8878,
Joe Berry,86-(105)177-0344,jberrygh@com.com
Daniel Gutierrez,63-(997)121-7103,dgutierrezgi@state.tx.us
Christina Watkins,7-(930)621-3552,cwatkinsgj@mayoclinic.com
Albert Garcia,212-(371)721-7214,agarciagk@stumbleupon.com
Harry Nichols,33-(719)870-2701,hnicholsgl@parallels.com
Sandra Kennedy,27-(286)552-8102,skennedygm@dailymail.co.uk
Denise Garrett,86-(275)167-9930,dgarrettgn@ask.com
Julie Roberts,63-(708)458-1748,
Jeremy Cox,880-(710)289-3853,jcoxgp@phpbb.com
Kathy Ferguson,86-(378)418-6734,kfergusongq@princeton.edu
David Castillo,7-(356)635-5872,dcastillogr@printfriendly.com
Jesse Nichols,86-(480)527-4694,jnicholsgs@wix.com
Phyllis Williamson,216-(733)168-5601,pwilliamsongt@bloomberg.com
Elizabeth Young,63-(998)939-7347,eyounggu@timesonline.co.uk
Kimberly Wood,86-(837)301-5149,kwoodgv@bloomberg.com
Judith Bradley,48-(856)385-4176,jbradleygw@artisteer.com
Antonio Hudson,55-(890)448-6403,ahudsongx@hud.gov
Todd Jordan,504-(870)449-8435,tjordangy@google.it
Richard Mills,62-(650)498-8269,rmillsgz@360.cn
Ann Knight,55-(826)678-5933,aknighth0@cafepress.com
Jennifer Johnson,86-(208)493-6094,
Evelyn Thompson,7-(262)944-1627,ethompsonh2@europa.eu
Tina Coleman,86-(370)174-7647,tcolemanh3@answers.com
Michelle Green,381-(846)796-9419,mgreenh4@msu.edu
Roger Gonzalez,54-(704)133-5655,rgonzalezh5@noaa.gov
Justin Hanson,506-(527)562-5077,jhansonh6@ucoz.com
Fred Ramos,,framosh7@narod.ru
Bobby Ryan,81-(593)157-2014,bryanh8@ftc.gov
Randy Alvarez,48-(498)426-9089,ralvarezh9@bbb.org
Harold Bryant,,hbryantha@cnbc.com
Roger Myers,30-(655)192-1030,rmyershb@chron.com
Scott Nichols,234-(251)497-1729,snicholshc@imageshack.us
Evelyn Nelson,225-(309)920-8418,enelsonhd@intel.com
Rose Spencer,51-(937)868-7615,rspencerhe@histats.com
Mark Stephens,86-(250)613-1793,mstephenshf@freewebs.com
Harold Cole,62-(120)231-8333,hcolehg@zimbio.com
Gloria Roberts,62-(700)386-9630,grobertshh@yahoo.co.jp
Amy Carroll,7-(202)891-4577,acarrollhi@tiny.cc
Katherine Duncan,33-(799)951-1289,kduncanhj@sourceforge.net
Arthur Black,58-(913)591-6220,ablackhk@drupal.org
Laura Perez,86-(537)789-7281,lperezhl@cocolog-nifty.com
Eric Butler,62-(313)759-8435,ebutlerhm@amazonaws.com
Stephanie Fields,597-(961)985-4819,sfieldshn@amazonaws.com
Patricia Lopez,62-(914)632-0743,
Diana Garza,,dgarzahp@engadget.com
Joseph Murphy,237-(410)993-0621,jmurphyhq@forbes.com
Beverly Rice,7-(349)185-1951,bricehr@edublogs.org
Ruth Gonzales,351-(130)200-2251,rgonzaleshs@yellowbook.com
Janet Green,358-(814)490-0236,jgreenht@statcounter.com
Ralph Montgomery,,rmontgomeryhu@ucsd.edu
Ronald Franklin,62-(716)599-6654,rfranklinhv@latimes.com
Terry Hamilton,62-(190)357-7941,thamiltonhw@bbb.org
Richard Nguyen,62-(965)671-6868,rnguyenhx@bloglines.com
Teresa Reed,507-(369)934-2927,treedhy@theglobeandmail.com
George Rice,48-(911)347-6512,gricehz@exblog.jp
Marilyn Rice,86-(204)847-6557,mricei0@ovh.net
Patrick Gomez,86-(118)483-5860,pgomezi1@cornell.edu
Steve Rivera,63-(563)666-7747,
Phyllis Wagner,86-(687)931-2511,pwagneri3@accuweather.com
Kathy Griffin,1-(717)777-8356,kgriffini4@qq.com
Denise Barnes,1-(772)119-9614,dbarnesi5@skyrock.com
Louis Knight,86-(120)440-8340,lknighti6@etsy.com
Annie Martinez,63-(373)786-3724,amartinezi7@rakuten.co.jp
Anna Cruz,62-(881)636-2861,acruzi8@redcross.org
Phillip Williams,58-(404)340-2781,pwilliamsi9@economist.com
James Walker,62-(327)724-5678,jwalkeria@ucla.edu
Joan Lewis,502-(750)437-3407,jlewisib@soundcloud.com
Paula Gomez,86-(172)191-2677,pgomezic@spotify.com
Phyllis Chapman,57-(586)139-5570,pchapmanid@npr.org
Charles Ellis,57-(583)910-2824,cellisie@blog.com
Kenneth Johnston,46-(170)538-9487,kjohnstonif@prweb.com
Carol Daniels,237-(709)950-5044,cdanielsig@hugedomains.com
Jessica Ross,251-(666)106-8004,jrossih@google.it
Kathleen James,86-(111)668-8906,kjamesii@hatena.ne.jp
Lillian Flores,33-(128)395-6472,lfloresij@dot.gov
Ann King,62-(262)220-9213,akingik@prnewswire.com
Rebecca Ortiz,57-(310)539-6707,rortizil@php.net
Marilyn Alvarez,380-(659)708-2277,malvarezim@shutterfly.com
Willie Smith,269-(641)587-5907,wsmithin@cdc.gov
Edward Larson,86-(432)783-8383,elarsonio@about.me
Katherine Ryan,7-(222)102-0932,kryanip@omniture.com
Craig Oliver,31-(390)999-6651,coliveriq@ebay.co.uk
Ronald Little,62-(135)703-5175,rlittleir@blinklist.com
Sara Martinez,55-(272)992-6881,smartinezis@simplemachines.org
Sharon King,48-(940)223-7437,skingit@typepad.com
Amanda Dixon,237-(683)146-3265,adixoniu@mit.edu
Sara Garza,86-(277)917-5891,sgarzaiv@earthlink.net
Adam Robinson,46-(641)909-6317,arobinsoniw@dedecms.com
Ruth Ramos,232-(188)368-8401,rramosix@nps.gov
Richard Welch,86-(182)188-7073,rwelchiy@fema.gov
Deborah Fields,351-(715)448-8649,dfieldsiz@home.pl
Bruce Bryant,62-(272)791-1610,bbryantj0@printfriendly.com
Joan Adams,93-(559)278-5604,jadamsj1@pbs.org
Emily Stevens,63-(453)394-8109,estevensj2@mail.ru
Daniel Ward,62-(681)415-3942,dwardj3@opensource.org
Christine Banks,62-(299)458-3368,cbanksj4@bluehost.com
Stephen Hayes,92-(800)113-2339,shayesj5@europa.eu
Thomas Morgan,992-(698)659-1213,tmorganj6@163.com
Brenda Cruz,86-(450)717-1847,bcruzj7@sciencedaily.com
Norma Parker,234-(628)836-8495,nparkerj8@1688.com
Gerald Dixon,216-(390)311-0712,gdixonj9@liveinternet.ru
Kathleen Davis,62-(611)457-9304,kdavisja@imdb.com
Wanda Peterson,55-(319)928-3293,wpetersonjb@techcrunch.com
Dennis Murphy,52-(654)479-7804,dmurphyjc@angelfire.com
Johnny Marshall,86-(612)286-8499,jmarshalljd@tmall.com
Deborah Peterson,420-(278)822-8612,dpetersonje@sfgate.com
Denise Johnston,225-(337)824-8879,
Sarah Warren,7-(485)933-2046,swarrenjg@phoca.cz
Bobby Kim,7-(466)834-7578,bkimjh@state.gov
Lillian Crawford,351-(339)938-3719,lcrawfordji@blogtalkradio.com
Frances Bryant,,fbryantjj@opera.com
Janet Bailey,351-(610)226-1612,jbaileyjk@mozilla.com
Melissa Morrison,62-(279)390-1330,mmorrisonjl@phpbb.com
Margaret King,351-(303)408-8574,mkingjm@miitbeian.gov.cn
Gregory Bowman,,gbowmanjn@is.gd
Louis Gutierrez,51-(163)221-1332,lgutierrezjo@cloudflare.com
Pamela Ellis,86-(419)770-4973,pellisjp@china.com.cn
Charles Carter,,ccarterjq@examiner.com
Bobby Larson,380-(553)528-2272,blarsonjr@bloomberg.com
Andrea Medina,977-(296)435-6775,
Jose James,255-(576)985-0290,jjamesjt@barnesandnoble.com
Janet Williams,57-(679)201-9436,jwilliamsju@cafepress.com
Christine Hunt,1-(402)879-8825,chuntjv@vkontakte.ru
Russell Ortiz,1-(214)365-4688,rortizjw@google.es
Barbara Franklin,502-(157)879-7530,bfranklinjx@github.io
Craig Gardner,355-(432)128-4100,cgardnerjy@moonfruit.com
Janet Murphy,63-(547)306-6272,jmurphyjz@youtu.be
Russell Henderson,358-(152)817-0514,rhendersonk0@soup.io
Albert Peterson,7-(799)428-1628,apetersonk1@infoseek.co.jp
Charles Holmes,1-(404)778-9958,cholmesk2@mozilla.com
Judy Brooks,505-(670)183-9215,jbrooksk3@a8.net
Larry Stevens,251-(842)111-4643,lstevensk4@cloudflare.com
Mark Harvey,359-(674)268-6193,mharveyk5@blogtalkradio.com
Evelyn Kelley,63-(248)281-6502,ekelleyk6@nymag.com
Ruby Sanders,86-(260)217-8101,rsandersk7@ucoz.ru
Ruth Adams,62-(300)985-8115,
Donald Day,385-(668)866-9039,ddayk9@bandcamp.com
Clarence Coleman,86-(539)590-1120,ccolemanka@earthlink.net
Katherine Grant,46-(309)205-6404,kgrantkb@hostgator.com
Tammy Sanders,92-(655)394-5363,tsanderskc@foxnews.com
Gerald Williams,1-(765)729-8660,gwilliamskd@constantcontact.com
Gloria Mitchell,47-(527)749-6431,gmitchellke@etsy.com
Larry Larson,1-(214)757-0909,llarsonkf@wsj.com
Brian Gonzales,685-(869)105-4279,bgonzaleskg@gravatar.com
Alice Schmidt,1-(919)727-7849,aschmidtkh@oracle.com
Sharon Wilson,33-(713)154-0203,
Brandon Greene,62-(507)729-0171,bgreenekj@taobao.com
Douglas Cunningham,53-(587)199-3330,dcunninghamkk@youtu.be
Benjamin Duncan,86-(790)607-3561,bduncankl@scribd.com
Jeremy Richards,51-(920)977-8427,jrichardskm@hc360.com
Louise Watson,57-(138)461-7647,lwatsonkn@webmd.com
Deborah Ferguson,51-(925)754-6324,dfergusonko@webs.com
Samuel Marshall,46-(980)881-5726,smarshallkp@so-net.ne.jp
Sandra Harvey,62-(719)862-2945,sharveykq@google.com.au
Dorothy Arnold,51-(541)387-1383,darnoldkr@ox.ac.uk
Virginia Fields,,vfieldsks@com.com
Arthur Day,1-(602)537-3395,adaykt@noaa.gov
Larry Freeman,56-(623)562-2115,lfreemanku@biblegateway.com
Katherine Washington,373-(365)835-3558,kwashingtonkv@geocities.com
Irene Hudson,86-(579)842-8813,ihudsonkw@ucoz.com
Christina Mendoza,81-(776)761-8840,cmendozakx@forbes.com
Nancy Richards,420-(794)594-8911,nrichardsky@auda.org.au
Anna Harvey,86-(743)694-4194,aharveykz@marketwatch.com
Carl Rivera,86-(895)857-3801,criveral0@blogs.com
Denise Young,86-(234)440-1579,dyoungl1@livejournal.com
Gerald Armstrong,86-(121)116-7219,garmstrongl2@google.com.hk
Deborah Ford,30-(546)333-5541,dfordl3@infoseek.co.jp
Jean Wells,7-(885)183-6406,jwellsl4@nasa.gov
Edward Rice,7-(832)589-2975,ericel5@narod.ru
Joe Wright,7-(308)208-9049,jwrightl6@merriam-webster.com
Shirley Richards,48-(573)883-0466,srichardsl7@vinaora.com
Helen Meyer,86-(443)128-3002,hmeyerl8@ehow.com
Mark Stephens,31-(427)795-0567,mstephensl9@sbwire.com
Katherine Nelson,30-(220)406-4081,knelsonla@goodreads.com
Randy Bradley,374-(925)549-4463,rbradleylb@imageshack.us
Betty Duncan,51-(533)350-9551,bduncanlc@prnewswire.com
Julia Fields,46-(310)460-9219,jfieldsld@wsj.com
Gregory Ford,44-(624)846-9371,gfordle@spotify.com
Jonathan Fowler,55-(228)876-7569,jfowlerlf@paginegialle.it
Martin Watkins,,mwatkinslg@aboutads.info
Donald Hunt,670-(786)812-3161,dhuntlh@pinterest.com
Samuel Snyder,62-(237)760-9905,ssnyderli@cam.ac.uk
Martin Fields,370-(475)764-8979,mfieldslj@4shared.com
Jimmy Jordan,86-(824)319-5013,jjordanlk@usnews.com
Lawrence Wood,,lwoodll@google.com.au
Kenneth Kennedy,86-(695)733-5513,kkennedylm@foxnews.com
Ralph Rodriguez,86-(144)825-8463,rrodriguezln@bandcamp.com
Gary Morgan,86-(147)334-4704,gmorganlo@buzzfeed.com
Brian Thomas,351-(990)431-9630,bthomaslp@amazon.de
Diane Gardner,62-(296)435-7801,dgardnerlq@blogs.com
Andrea Taylor,52-(555)850-4084,ataylorlr@spiegel.de
Julia Shaw,7-(480)284-6074,jshawls@facebook.com
Lisa Burton,58-(436)797-5968,lburtonlt@archive.org
Robert Johnston,220-(877)389-3884,rjohnstonlu@icio.us
Robert Sims,86-(488)268-0580,rsimslv@paginegialle.it
Kathleen Henderson,52-(436)764-2419,khendersonlw@cisco.com
Marilyn Long,86-(714)215-6714,mlonglx@marketwatch.com
Arthur Rodriguez,1-(628)752-6095,arodriguezly@google.nl
Norma Carter,86-(105)394-5011,ncarterlz@redcross.org
Fred Bradley,55-(938)902-7548,fbradleym0@stumbleupon.com
Louis Stevens,53-(900)621-5024,lstevensm1@wix.com
Beverly Bailey,84-(884)672-4751,bbaileym2@forbes.com
Cynthia Shaw,86-(853)442-0448,cshawm3@nationalgeographic.com
Jacqueline Garrett,62-(460)690-8012,jgarrettm4@chronoengine.com
Janet Griffin,355-(376)570-9989,jgriffinm5@1688.com
Jeffrey Ruiz,55-(272)171-0095,
Anna Ray,351-(430)718-8534,araym7@wikia.com
Emily Johnston,,ejohnstonm8@tinyurl.com
Jean Marshall,7-(879)365-6679,jmarshallm9@xinhuanet.com
Carol Holmes,351-(133)282-4665,cholmesma@diigo.com
Lori Simmons,66-(735)517-8175,lsimmonsmb@reference.com
Anna Watson,62-(658)726-0595,awatsonmc@123-reg.co.uk
Judith Webb,33-(501)912-1773,jwebbmd@themeforest.net
Diana Hunter,52-(288)685-9938,dhunterme@vimeo.com
Martha Austin,7-(495)822-9438,maustinmf@ameblo.jp
Joyce Fields,509-(563)875-7084,jfieldsmg@bandcamp.com
Emily Kelley,62-(814)687-3471,ekelleymh@cargocollective.com
Gerald Meyer,52-(566)800-4541,gmeyermi@twitter.com
Donna Russell,30-(594)652-8148,drussellmj@ft.com
Diane Stewart,62-(838)556-4732,dstewartmk@go.com
Jessica Robertson,216-(168)876-7578,jrobertsonml@scientificamerican.com
Diane Carr,356-(916)129-7503,dcarrmm@indiegogo.com
Justin Tucker,7-(389)582-2585,jtuckermn@rambler.ru
Joe Sims,86-(361)194-8907,jsimsmo@dyndns.org
John Franklin,86-(464)983-8549,jfranklinmp@wsj.com
Deborah Ford,385-(325)509-4642,dfordmq@cbslocal.com
Jesse Mcdonald,212-(280)248-5603,jmcdonaldmr@cargocollective.com
Ruth Hernandez,992-(865)150-3771,rhernandezms@google.ca
Dennis Foster,998-(728)991-8483,dfostermt@google.it
Laura Hart,1-(942)916-5447,lhartmu@goodreads.com
Carl Carr,351-(217)483-0513,ccarrmv@scribd.com
Anthony George,48-(485)739-9183,ageorgemw@squarespace.com
Elizabeth Parker,55-(884)512-5467,eparkermx@merriam-webster.com
Rachel Stewart,352-(820)527-6141,rstewartmy@t.co
Nancy Carroll,86-(629)786-0808,ncarrollmz@fda.gov
Tammy Barnes,380-(233)703-0552,tbarnesn0@edublogs.org
Sandra Cox,7-(239)197-3194,scoxn1@yelp.com
Kenneth Arnold,,karnoldn2@wisc.edu
Timothy Cook,92-(326)881-8550,tcookn3@sciencedirect.com
David Hicks,63-(754)724-9730,dhicksn4@salon.com
Chris Hawkins,1-(788)272-0768,chawkinsn5@fc2.com
Alan Rose,7-(110)907-2480,arosen6@fda.gov
Willie Gonzalez,7-(355)759-6278,wgonzalezn7@networksolutions.com
Roger Lewis,56-(668)126-4218,rlewisn8@freewebs.com
Annie Ellis,86-(955)666-5638,aellisn9@dailymail.co.uk
Robin Carpenter,353-(562)277-6362,rcarpenterna@jimdo.com
Daniel Evans,62-(643)123-6917,devansnb@friendfeed.com
Anthony Burton,964-(900)205-8519,aburtonnc@issuu.com
Alan Clark,55-(358)726-8898,
Harry Wilson,353-(413)350-7691,hwilsonne@imageshack.us
Roy Riley,86-(171)649-4108,rrileynf@berkeley.edu
Tammy Miller,62-(427)989-4591,tmillerng@bloglovin.com
Debra Washington,62-(522)562-2188,dwashingtonnh@imgur.com
Dennis Myers,420-(333)624-7745,dmyersni@washingtonpost.com
Heather Roberts,86-(769)497-7956,hrobertsnj@wordpress.com
Diana Crawford,62-(907)585-9928,dcrawfordnk@ihg.com
Susan Carr,,scarrnl@etsy.com
Benjamin Ruiz,86-(750)697-1444,bruiznm@businessweek.com
Heather Howell,86-(794)238-8042,hhowellnn@devhub.com
Tina Fields,501-(260)755-1655,tfieldsno@zdnet.com
Judy Welch,86-(929)104-6471,jwelchnp@1688.com
Ernest Taylor,86-(288)265-9501,etaylornq@eventbrite.com
Joan Morgan,86-(921)422-0673,jmorgannr@shop-pro.jp
Mary Woods,52-(947)544-1138,mwoodsns@acquirethisname.com
Jack Gonzales,62-(159)644-6188,jgonzalesnt@indiegogo.com
Lawrence Webb,7-(823)395-7505,lwebbnu@surveymonkey.com
Carl Cooper,,ccoopernv@cbslocal.com
Julia Stevens,507-(327)959-3191,jstevensnw@businessweek.com
Maria Gilbert,86-(680)701-8309,mgilbertnx@ocn.ne.jp
Frank Gardner,86-(235)674-1642,fgardnerny@pbs.org
Paul Hernandez,33-(271)735-1845,phernandeznz@ezinearticles.com
Ashley Medina,57-(469)866-7326,amedinao0@webnode.com
Diane Hunter,351-(680)855-7853,dhuntero1@newsvine.com
Christine Marshall,55-(611)968-5110,cmarshallo2@rambler.ru
Wanda Ford,7-(548)763-7876,wfordo3@mashable.com
Kevin Hanson,46-(179)150-2386,khansono4@hexun.com
Denise Griffin,216-(657)847-4683,dgriffino5@nhs.uk
Helen Sims,86-(761)158-3467,hsimso6@wikipedia.org
Linda Castillo,62-(287)695-3549,lcastilloo7@soundcloud.com
Johnny Chapman,234-(897)738-5374,jchapmano8@soup.io
Ralph Ortiz,54-(943)362-6492,rortizo9@pcworld.com
Kathleen Coleman,420-(635)197-9463,kcolemanoa@ycombinator.com
Brenda Riley,49-(214)282-8677,brileyob@ebay.com
Jason Alvarez,420-(823)947-2927,jalvarezoc@123-reg.co.uk
Maria Dunn,46-(931)282-3985,mdunnod@alibaba.com
Marilyn Fernandez,385-(835)759-0254,mfernandezoe@is.gd
Norma Kim,62-(834)737-4052,nkimof@unesco.org
Willie Ray,355-(565)889-4127,wrayog@blinklist.com
Russell Gonzalez,66-(614)528-6080,rgonzalezoh@hc360.com
Amanda Henderson,7-(469)494-7845,ahendersonoi@umich.edu
Andrea Fernandez,255-(857)462-1167,afernandezoj@ted.com
Aaron Sims,43-(343)781-0255,asimsok@behance.net
Anthony Fernandez,62-(823)637-2134,afernandezol@stumbleupon.com
Benjamin Weaver,687-(625)660-3034,bweaverom@rambler.ru
Chris Hill,1-(781)914-6076,chillon@pcworld.com
Billy Fisher,57-(209)471-6804,bfisheroo@phpbb.com
Emily Allen,63-(514)723-5324,eallenop@sciencedirect.com
Annie Walker,7-(894)817-1914,awalkeroq@reference.com
Stephanie Gomez,62-(543)915-5079,sgomezor@narod.ru
Paul Fuller,1-(774)392-4721,pfulleros@imageshack.us
Wayne Carroll,351-(295)575-0464,wcarrollot@tripadvisor.com
Judith Freeman,55-(107)595-0921,jfreemanou@whitehouse.gov
Susan Hart,51-(674)358-9826,shartov@shinystat.com
Ruth Hall,55-(115)403-6257,rhallow@dot.gov
Phyllis Mills,86-(977)121-3513,pmillsox@hhs.gov
Ernest Willis,595-(801)921-3692,ewillisoy@liveinternet.ru
Tina Oliver,86-(672)337-7233,toliveroz@usatoday.com
Patrick Harris,63-(486)136-1965,pharrisp0@epa.gov
Maria Wagner,63-(308)180-7405,mwagnerp1@delicious.com
Craig Robinson,351-(940)224-8230,crobinsonp2@addtoany.com
Margaret Crawford,48-(825)980-3297,mcrawfordp3@aol.com
Joshua Black,86-(754)184-2758,jblackp4@miitbeian.gov.cn
Joyce Flores,63-(769)295-1001,
Johnny Miller,66-(704)766-0083,jmillerp6@xing.com
Susan Morgan,1-(950)542-9883,smorganp7@theglobeandmail.com
Ronald Austin,51-(802)342-4825,raustinp8@twitter.com
Kimberly Rodriguez,81-(899)175-8519,krodriguezp9@netvibes.com
Victor Reid,48-(691)950-3261,vreidpa@hao123.com
Julia Hicks,374-(906)758-6605,jhickspb@yolasite.com
Jesse Graham,380-(652)850-2891,jgrahampc@icio.us
Sara Fisher,51-(431)953-2535,sfisherpd@mozilla.com
Barbara Russell,86-(154)768-0455,brussellpe@irs.gov
Jessica Castillo,351-(783)102-0951,jcastillopf@alibaba.com
Mary Reed,86-(821)905-3755,mreedpg@tuttocitta.it
Sean Lee,216-(457)550-1830,sleeph@cpanel.net
Emily Wells,66-(344)469-8412,ewellspi@edublogs.org
Annie Coleman,598-(310)927-4258,acolemanpj@constantcontact.com
Amy Simmons,63-(387)669-4751,asimmonspk@netscape.com
Douglas Martinez,62-(532)523-8103,dmartinezpl@homestead.com
Harold Welch,86-(612)523-9100,hwelchpm@dedecms.com
Randy Fernandez,48-(165)845-2990,rfernandezpn@msu.edu
Eugene Thompson,,ethompsonpo@blogtalkradio.com
Stephanie Cooper,255-(673)107-8747,scooperpp@marketwatch.com
Johnny Diaz,86-(221)861-0719,jdiazpq@google.ru
Mildred Gonzalez,54-(569)560-7903,mgonzalezpr@slate.com
Dorothy Tucker,7-(976)928-3579,dtuckerps@newsvine.com
Douglas Porter,420-(612)874-1776,dporterpt@dailymotion.com
Ralph Reed,86-(986)957-4380,rreedpu@ucoz.com
Larry Ryan,63-(270)416-8100,lryanpv@surveymonkey.com
Lori Snyder,,lsnyderpw@free.fr
Brenda Welch,62-(322)465-8482,bwelchpx@un.org
Ruth Scott,86-(129)260-7098,rscottpy@technorati.com
Carl Green,62-(368)862-8959,cgreenpz@gnu.org
Lisa Armstrong,47-(662)735-9303,larmstrongq0@a8.net
Craig Roberts,55-(682)542-2492,crobertsq1@last.fm
Henry Oliver,55-(128)801-3727,holiverq2@cyberchimps.com
Samuel White,31-(559)125-5652,swhiteq3@ebay.com
Nicholas Hansen,48-(604)664-9126,nhansenq4@slashdot.org
Kevin Williamson,62-(726)270-0297,kwilliamsonq5@yolasite.com
Jose Burke,63-(335)229-0177,jburkeq6@gnu.org
Steve Ross,502-(433)725-5824,srossq7@mapy.cz
Albert Jones,55-(557)625-5822,ajonesq8@blinklist.com
Joe Collins,1-(936)514-4930,jcollinsq9@xing.com
Diana Morrison,375-(467)776-1411,
Michelle Berry,86-(714)861-1398,mberryqb@spotify.com
Carlos Price,504-(781)442-0558,cpriceqc@java.com
Maria Garcia,55-(709)899-3268,mgarciaqd@nationalgeographic.com
Pamela Wallace,355-(371)963-9207,pwallaceqe@forbes.com
Janet Burke,46-(242)364-7383,jburkeqf@indiatimes.com
Marie Myers,63-(820)932-5780,mmyersqg@wikispaces.com
Willie Ford,66-(176)949-7540,wfordqh@patch.com
Debra Stone,63-(691)298-3418,dstoneqi@prlog.org
Ryan Henry,,rhenryqj@mlb.com
Larry Garrett,502-(894)424-9612,lgarrettqk@joomla.org
Frances Chapman,355-(512)217-4807,fchapmanql@jiathis.com
Ruth Baker,62-(155)723-8932,rbakerqm@simplemachines.org
Mary Richards,86-(204)396-4129,
Carlos Howell,351-(956)313-3961,chowellqo@cargocollective.com
Anne Williams,63-(540)740-7023,awilliamsqp@mysql.com
Irene Morrison,,imorrisonqq@twitpic.com
Nicholas Rogers,7-(891)272-4487,nrogersqr@pbs.org
Patrick Harrison,57-(402)863-8696,pharrisonqs@icq.com
Jack West,880-(627)906-0770,jwestqt@wordpress.org
Rachel Daniels,7-(344)607-0056,rdanielsqu@blinklist.com
Jonathan Shaw,54-(725)297-2762,jshawqv@columbia.edu
Emily Spencer,57-(189)607-3743,espencerqw@cdbaby.com
Elizabeth Riley,351-(320)966-7851,erileyqx@amazon.co.jp
Kimberly Banks,63-(711)758-7839,kbanksqy@deliciousdays.com
Shirley Mitchell,62-(400)174-3380,smitchellqz@opensource.org
Todd Murphy,47-(666)492-6372,tmurphyr0@live.com
Bobby Wood,62-(806)469-9222,bwoodr1@pinterest.com
Jacqueline Watkins,62-(372)146-6640,jwatkinsr2@123-reg.co.uk
Barbara James,380-(376)339-2042,bjamesr3@51.la
Julia Dunn,356-(467)600-5034,jdunnr4@histats.com
Sean Kennedy,63-(540)322-5634,skennedyr5@google.com.br
Jerry Gonzalez,7-(344)539-6945,jgonzalezr6@princeton.edu
Juan Robertson,46-(741)331-7245,
Anne Medina,62-(651)350-6993,amedinar8@behance.net
Ralph Harris,62-(100)320-9652,rharrisr9@dropbox.com
Jacqueline Gomez,48-(346)299-4116,jgomezra@tuttocitta.it
Sara Hicks,81-(574)522-2301,shicksrb@zimbio.com
Patricia Harvey,421-(154)197-3013,pharveyrc@ustream.tv
Sara Garrett,86-(940)607-5655,sgarrettrd@fc2.com
Martha Adams,351-(129)692-8998,madamsre@hao123.com
Jonathan Morgan,48-(137)299-0095,jmorganrf@newsvine.com
Lois Gordon,62-(675)930-0424,lgordonrg@gravatar.com
Louis Little,371-(199)524-6711,llittlerh@plala.or.jp
Betty Hamilton,62-(753)316-1189,bhamiltonri@issuu.com
Diana Rodriguez,62-(184)803-7546,drodriguezrj@zimbio.com
Keith Howard,55-(817)549-1028,khowardrk@discovery.com
Lori Welch,55-(264)790-5508,lwelchrl@wix.com
Marie Porter,81-(621)512-6235,mporterrm@nbcnews.com
Melissa Foster,46-(519)776-4585,
Jose Franklin,48-(823)738-4423,jfranklinro@google.com.br
Catherine Stephens,380-(717)823-7108,cstephensrp@wikispaces.com
Christina Mason,370-(557)874-2388,cmasonrq@typepad.com
Ashley Gray,86-(814)173-1440,agrayrr@over-blog.com
dasdasdsdasdasd,66-(224)607-5782,lhoward0@europa.eu
dasaaaaaaddddddddddddddddddddddddddddddddddddddddddddddddddddddddddddddddddddddddddddddddddddddddddddddddddddddddddddddd,380-(776)349-0167,eporter1@pcworld.com
NIL,,jthompson2@free.fr
',93-(941)264-3992,jdiaza@i2i.jp
null,504-(232)635-4865,jtorresb@phoca.cz
"'""'",60-(764)243-0182,jhernandezd@fotki.com
1'; DROP TABLE users--,86-(812)616-3931,tcrawfordi@cisco.com
../../../../../../../../../../../etc/passwd%00,351-(767)578-2958,sarnoldj@fastcompany.com
1.00E+02,357-(921)731-4678,crobinsonl@addtoany.com
-$1.00,7-(309)456-1840,agutierrezm@msu.edu
"""''''""'""",48-(484)741-3237,lwestn@noaa.gov
